{"mean":{"confidence_interval":{"confidence_level":0.95,"lower_bound":-0.0027932387136732936,"upper_bound":0.027546160506995893},"point_estimate":0.012002340981104531,"standard_error":0.007846335080641073},"median":{"confidence_interval":{"confidence_level":0.95,"lower_bound":-0.003367338054382052,"upper_bound":0.024824728221321868},"point_estimate":0.004752765873657472,"standard_error":0.007545903209287873}}