{"mean":{"confidence_interval":{"confidence_level":0.95,"lower_bound":20250759.873500008,"upper_bound":20934822.395416662},"point_estimate":20531353.766666666,"standard_error":177589.2209515266},"median":{"confidence_interval":{"confidence_level":0.95,"lower_bound":20137458.333333332,"upper_bound":20270111.333333332},"point_estimate":20217520.833333332,"standard_error":34442.6972454112},"median_abs_dev":{"confidence_interval":{"confidence_level":0.95,"lower_bound":244546.46425843055,"upper_bound":411555.4208934344},"point_estimate":332802.4283915777,"standard_error":42591.52762401633},"slope":null,"std_dev":{"confidence_interval":{"confidence_level":0.95,"lower_bound":446217.62445180037,"upper_bound":2853365.861029714},"point_estimate":1784395.0343656873,"standard_error":666540.6483111654}}