{"mean":{"confidence_interval":{"confidence_level":0.95,"lower_bound":976912412.5,"upper_bound":1004755094.4649999},"point_estimate":990504395.9,"standard_error":7109413.040236798},"median":{"confidence_interval":{"confidence_level":0.95,"lower_bound":971738417.0,"upper_bound":1006155208.5},"point_estimate":988403021.0,"standard_error":7902290.527435365},"median_abs_dev":{"confidence_interval":{"confidence_level":0.95,"lower_bound":4035328.7475585938,"upper_bound":40934800.99156201},"point_estimate":17043537.11951673,"standard_error":9817258.72407776},"slope":null,"std_dev":{"confidence_interval":{"confidence_level":0.95,"lower_bound":12231549.537739653,"upper_bound":30658540.13315754},"point_estimate":23674172.410519987,"standard_error":4757346.401986489}}