{"mean":{"confidence_interval":{"confidence_level":0.95,"lower_bound":961995915.8725001,"upper_bound":1024876663.4},"point_estimate":993136508.3,"standard_error":16098647.954242729},"median":{"confidence_interval":{"confidence_level":0.95,"lower_bound":944974729.5,"upper_bound":1044290000.0},"point_estimate":990013041.5,"standard_error":31314190.944310144},"median_abs_dev":{"confidence_interval":{"confidence_level":0.95,"lower_bound":8153004.062855244,"upper_bound":83873088.99465501},"point_estimate":68092790.06321132,"standard_error":21358062.48024124},"slope":null,"std_dev":{"confidence_interval":{"confidence_level":0.95,"lower_bound":35173254.817554004,"upper_bound":63160808.395425975},"point_estimate":53571626.81302731,"standard_error":7191561.54476411}}