{"mean":{"confidence_interval":{"confidence_level":0.95,"lower_bound":387835892.74375,"upper_bound":484193267.59124994},"point_estimate":426782012.5,"standard_error":26022027.615780424},"median":{"confidence_interval":{"confidence_level":0.95,"lower_bound":378095416.5,"upper_bound":439864187.5},"point_estimate":397091625.0,"standard_error":18072783.109802864},"median_abs_dev":{"confidence_interval":{"confidence_level":0.95,"lower_bound":9745160.761588812,"upper_bound":74156284.06951278},"point_estimate":32908267.895561457,"standard_error":17603980.12768999},"slope":null,"std_dev":{"confidence_interval":{"confidence_level":0.95,"lower_bound":19669791.340727378,"upper_bound":130338444.1099034},"point_estimate":86652273.0943247,"standard_error":35841089.43136379}}