{"mean":{"confidence_interval":{"confidence_level":0.95,"lower_bound":755730572.6800001,"upper_bound":809112304.0},"point_estimate":777820591.5,"standard_error":14059866.688436339},"median":{"confidence_interval":{"confidence_level":0.95,"lower_bound":753021000.0,"upper_bound":781613625.0},"point_estimate":767696791.5,"standard_error":6481014.198111038},"median_abs_dev":{"confidence_interval":{"confidence_level":0.95,"lower_bound":237987.68907487392,"upper_bound":43074223.88817966},"point_estimate":12759626.023471355,"standard_error":12882669.866831997},"slope":null,"std_dev":{"confidence_interval":{"confidence_level":0.95,"lower_bound":9924032.249392545,"upper_bound":69698596.00423853},"point_estimate":46622214.339512795,"standard_error":18578689.292706374}}