{"mean":{"confidence_interval":{"confidence_level":0.95,"lower_bound":729230229.0,"upper_bound":802517249.9},"point_estimate":757037895.7,"standard_error":20467311.496567175},"median":{"confidence_interval":{"confidence_level":0.95,"lower_bound":724538625.0,"upper_bound":751477291.5},"point_estimate":739002333.5,"standard_error":8252567.313572857},"median_abs_dev":{"confidence_interval":{"confidence_level":0.95,"lower_bound":4558408.550772071,"upper_bound":34606509.07021165},"point_estimate":19904800.137019157,"standard_error":9296536.391419703},"slope":null,"std_dev":{"confidence_interval":{"confidence_level":0.95,"lower_bound":10102937.170939485,"upper_bound":105029263.83282728},"point_estimate":68515124.50737141,"standard_error":32722441.68985577}}