{"mean":{"confidence_interval":{"confidence_level":0.95,"lower_bound":-0.0009270737566305299,"upper_bound":0.00528450638768272},"point_estimate":0.0021179712026573316,"standard_error":0.0015827247897280108},"median":{"confidence_interval":{"confidence_level":0.95,"lower_bound":-0.00148642014004996,"upper_bound":0.009209065812591621},"point_estimate":0.003863420829833375,"standard_error":0.0027774727957453936}}