{"mean":{"confidence_interval":{"confidence_level":0.95,"lower_bound":-0.01807093776878022,"upper_bound":-0.009972296251999132},"point_estimate":-0.013942054263068382,"standard_error":0.002069040355505155},"median":{"confidence_interval":{"confidence_level":0.95,"lower_bound":-0.017965087734695608,"upper_bound":-0.009918848734272179},"point_estimate":-0.013190010450387923,"standard_error":0.0020314544248722804}}