{"mean":{"confidence_interval":{"confidence_level":0.95,"lower_bound":64935764.5785,"upper_bound":65192428.97825},"point_estimate":65062499.66,"standard_error":65811.27542448635},"median":{"confidence_interval":{"confidence_level":0.95,"lower_bound":64710750.0,"upper_bound":65159167.0},"point_estimate":65019125.0,"standard_error":130678.37741047249},"median_abs_dev":{"confidence_interval":{"confidence_level":0.95,"lower_bound":514369.5283681154,"upper_bound":809160.0702345371},"point_estimate":675910.6563001871,"standard_error":74823.83087905328},"slope":null,"std_dev":{"confidence_interval":{"confidence_level":0.95,"lower_bound":551509.3639491617,"upper_bound":758638.697897967},"point_estimate":660301.7162993622,"standard_error":52962.68438078999}}