{"mean":{"confidence_interval":{"confidence_level":0.95,"lower_bound":0.0003247988512218975,"upper_bound":0.00691801455713881},"point_estimate":0.004124044375691804,"standard_error":0.001691838206079045},"median":{"confidence_interval":{"confidence_level":0.95,"lower_bound":0.0031616290058433805,"upper_bound":0.008721054368676873},"point_estimate":0.00597658744857088,"standard_error":0.0014070195907951197}}