{"mean":{"confidence_interval":{"confidence_level":0.95,"lower_bound":20529985763.8775,"upper_bound":20697051737.2},"point_estimate":20611880945.8,"standard_error":42922698.19719865},"median":{"confidence_interval":{"confidence_level":0.95,"lower_bound":20489022250.0,"upper_bound":20763178166.0},"point_estimate":20563014958.5,"standard_error":78843965.07245652},"median_abs_dev":{"confidence_interval":{"confidence_level":0.95,"lower_bound":5765522.916841507,"upper_bound":229494368.2727605},"point_estimate":170700908.55695307,"standard_error":56804263.70505266},"slope":null,"std_dev":{"confidence_interval":{"confidence_level":0.95,"lower_bound":90641405.05947958,"upper_bound":166168248.89039662},"point_estimate":143077947.31340614,"standard_error":19521334.600983497}}