{"mean":{"confidence_interval":{"confidence_level":0.95,"lower_bound":2881802768.65,"upper_bound":3220770633.2},"point_estimate":3031697483.5,"standard_error":86371876.56906703},"median":{"confidence_interval":{"confidence_level":0.95,"lower_bound":2845606417.0,"upper_bound":3273344687.0},"point_estimate":2934398083.5,"standard_error":82622183.75250655},"median_abs_dev":{"confidence_interval":{"confidence_level":0.95,"lower_bound":17855138.29060793,"upper_bound":420015043.9278424},"point_estimate":113289077.82621682,"standard_error":79477951.28120893},"slope":null,"std_dev":{"confidence_interval":{"confidence_level":0.95,"lower_bound":66712318.67549428,"upper_bound":362490249.2017506},"point_estimate":288732866.8375448,"standard_error":79111208.9489016}}