{"mean":{"confidence_interval":{"confidence_level":0.95,"lower_bound":1039984169.9760001,"upper_bound":1045423202.29725},"point_estimate":1042608631.7,"standard_error":1385864.434778291},"median":{"confidence_interval":{"confidence_level":0.95,"lower_bound":1038296854.5,"upper_bound":1041961584.0},"point_estimate":1040103875.5,"standard_error":985415.413719471},"median_abs_dev":{"confidence_interval":{"confidence_level":0.95,"lower_bound":7813364.130485058,"upper_bound":13769425.19912883},"point_estimate":9909666.348168254,"standard_error":1580374.1483948356},"slope":null,"std_dev":{"confidence_interval":{"confidence_level":0.95,"lower_bound":11054347.256044745,"upper_bound":16400575.467679646},"point_estimate":13942748.390964763,"standard_error":1367515.4130629674}}