{"mean":{"confidence_interval":{"confidence_level":0.95,"lower_bound":6445045.4155,"upper_bound":6513646.2053125},"point_estimate":6478033.85875,"standard_error":17518.42870878901},"median":{"confidence_interval":{"confidence_level":0.95,"lower_bound":6410549.5,"upper_bound":6496994.75},"point_estimate":6435682.3125,"standard_error":24466.778082510915},"median_abs_dev":{"confidence_interval":{"confidence_level":0.95,"lower_bound":123943.68987455964,"upper_bound":193348.0864673853},"point_estimate":152981.98562152684,"standard_error":17818.262694477897},"slope":null,"std_dev":{"confidence_interval":{"confidence_level":0.95,"lower_bound":131229.38964754966,"upper_bound":224641.90155587083},"point_estimate":176164.86997504198,"standard_error":24660.10946318878}}