{"mean":{"confidence_interval":{"confidence_level":0.95,"lower_bound":-0.5692067177281241,"upper_bound":-0.5383543095453452},"point_estimate":-0.55514304680261,"standard_error":0.008104802879732798},"median":{"confidence_interval":{"confidence_level":0.95,"lower_bound":-0.5739848215157138,"upper_bound":-0.5364521290649039},"point_estimate":-0.5606600610990191,"standard_error":0.008405486893632533}}