{"mean":{"confidence_interval":{"confidence_level":0.95,"lower_bound":-0.14655306336174492,"upper_bound":-0.006267079017407943},"point_estimate":-0.060771733745261125,"standard_error":0.042341414694803174},"median":{"confidence_interval":{"confidence_level":0.95,"lower_bound":-0.03168618326282724,"upper_bound":0.0008835973535912256},"point_estimate":-0.010288048421341012,"standard_error":0.012169310787377468}}