{"mean":{"confidence_interval":{"confidence_level":0.95,"lower_bound":383501.3750954479,"upper_bound":388430.63878120406},"point_estimate":385751.2104503182,"standard_error":1271.6107833589886},"median":{"confidence_interval":{"confidence_level":0.95,"lower_bound":382425.8414096916,"upper_bound":388644.2985805188},"point_estimate":384623.0154185022,"standard_error":1384.3259259913305},"median_abs_dev":{"confidence_interval":{"confidence_level":0.95,"lower_bound":597.6004539278731,"upper_bound":6314.54982084583},"point_estimate":3143.9958437423834,"standard_error":1449.8128301945849},"slope":{"confidence_interval":{"confidence_level":0.95,"lower_bound":383985.80488663976,"upper_bound":391782.77789064526},"point_estimate":388535.3185193661,"standard_error":2056.8685798848405},"std_dev":{"confidence_interval":{"confidence_level":0.95,"lower_bound":1429.776301616683,"upper_bound":5494.598977264721},"point_estimate":4236.533892607304,"standard_error":1071.1623183129736}}