{"mean":{"confidence_interval":{"confidence_level":0.95,"lower_bound":-0.4744545550256627,"upper_bound":-0.34677655287198794},"point_estimate":-0.4225434801303818,"standard_error":0.03388636872293061},"median":{"confidence_interval":{"confidence_level":0.95,"lower_bound":-0.49031782296824755,"upper_bound":-0.4017548406929733},"point_estimate":-0.4575897696885306,"standard_error":0.021989558889735472}}