{"mean":{"confidence_interval":{"confidence_level":0.95,"lower_bound":-0.07294977475157526,"upper_bound":-0.060365057955650156},"point_estimate":-0.06683841613013863,"standard_error":0.003190693051251667},"median":{"confidence_interval":{"confidence_level":0.95,"lower_bound":-0.0733804497835522,"upper_bound":-0.059286008725397576},"point_estimate":-0.06704271995835764,"standard_error":0.003992070563570498}}