{"mean":{"confidence_interval":{"confidence_level":0.95,"lower_bound":-0.020978625711034635,"upper_bound":0.001961256859337689},"point_estimate":-0.00932507761167689,"standard_error":0.005866124693608784},"median":{"confidence_interval":{"confidence_level":0.95,"lower_bound":-0.027195985612106344,"upper_bound":0.00915056006585968},"point_estimate":-0.0106510835791076,"standard_error":0.01069872846661674}}