{"mean":{"confidence_interval":{"confidence_level":0.95,"lower_bound":724752321.2,"upper_bound":766879456.22},"point_estimate":745097841.8,"standard_error":10832604.99450416},"median":{"confidence_interval":{"confidence_level":0.95,"lower_bound":714640459.0,"upper_bound":777935083.0},"point_estimate":732671104.0,"standard_error":17476465.705328684},"median_abs_dev":{"confidence_interval":{"confidence_level":0.95,"lower_bound":7683389.038592577,"upper_bound":58412306.98417425},"point_estimate":33756515.231502056,"standard_error":13981295.446784126},"slope":null,"std_dev":{"confidence_interval":{"confidence_level":0.95,"lower_bound":20013866.702635974,"upper_bound":43711267.00318297},"point_estimate":36230421.312353134,"standard_error":5974616.129682259}}