{"mean":{"confidence_interval":{"confidence_level":0.95,"lower_bound":-0.23357659273788933,"upper_bound":0.1119313633351597},"point_estimate":-0.08228039354083272,"standard_error":0.08826499017504227},"median":{"confidence_interval":{"confidence_level":0.95,"lower_bound":-0.1930578544511381,"upper_bound":0.017347047492900947},"point_estimate":-0.09024625813869513,"standard_error":0.06074222365754543}}