{"mean":{"confidence_interval":{"confidence_level":0.95,"lower_bound":85983.09955967625,"upper_bound":86668.26713437442},"point_estimate":86300.99446001454,"standard_error":175.53002021891183},"median":{"confidence_interval":{"confidence_level":0.95,"lower_bound":85673.0324074074,"upper_bound":85962.71428571429},"point_estimate":85769.95102813852,"standard_error":83.65202086325796},"median_abs_dev":{"confidence_interval":{"confidence_level":0.95,"lower_bound":518.3986673994816,"upper_bound":919.1741116430036},"point_estimate":662.3766343342069,"standard_error":96.88179140679622},"slope":{"confidence_interval":{"confidence_level":0.95,"lower_bound":85852.72438399342,"upper_bound":86359.04541664087},"point_estimate":86089.00072484114,"standard_error":128.5696677161312},"std_dev":{"confidence_interval":{"confidence_level":0.95,"lower_bound":1082.8032700849851,"upper_bound":2343.360053297338},"point_estimate":1768.7139828561808,"standard_error":320.8022341674658}}