{"mean":{"confidence_interval":{"confidence_level":0.95,"lower_bound":744836844.3549999,"upper_bound":757237333.1},"point_estimate":750783941.7,"standard_error":3184803.9026873996},"median":{"confidence_interval":{"confidence_level":0.95,"lower_bound":741912708.0,"upper_bound":758159979.5},"point_estimate":749081625.0,"standard_error":4107818.2801904166},"median_abs_dev":{"confidence_interval":{"confidence_level":0.95,"lower_bound":3046032.0392221212,"upper_bound":17667001.543048024},"point_estimate":11187668.266779184,"standard_error":3767846.8203076646},"slope":null,"std_dev":{"confidence_interval":{"confidence_level":0.95,"lower_bound":5437298.999181953,"upper_bound":13557515.98471318},"point_estimate":10576087.568003522,"standard_error":2098198.6741745207}}