{"mean":{"confidence_interval":{"confidence_level":0.95,"lower_bound":-0.0657196424296045,"upper_bound":0.11483572372634467},"point_estimate":0.020975809147705027,"standard_error":0.046233728665619866},"median":{"confidence_interval":{"confidence_level":0.95,"lower_bound":-0.025908315136892734,"upper_bound":0.07561580199830487},"point_estimate":0.03782243848874356,"standard_error":0.027438377882838375}}