{"mean":{"confidence_interval":{"confidence_level":0.95,"lower_bound":382713.041002886,"upper_bound":416831.0861085343},"point_estimate":395170.16773191094,"standard_error":9914.953238642376},"median":{"confidence_interval":{"confidence_level":0.95,"lower_bound":381462.92056277057,"upper_bound":393036.10080395796},"point_estimate":382971.82882395387,"standard_error":3628.9207776170338},"median_abs_dev":{"confidence_interval":{"confidence_level":0.95,"lower_bound":583.905847209363,"upper_bound":13046.098330391907},"point_estimate":2961.8294392352045,"standard_error":4036.6570106139297},"slope":{"confidence_interval":{"confidence_level":0.95,"lower_bound":382329.12102836306,"upper_bound":423133.029045279},"point_estimate":395218.7571035026,"standard_error":10997.043393602797},"std_dev":{"confidence_interval":{"confidence_level":0.95,"lower_bound":1728.7932814489411,"upper_bound":51002.257931946064},"point_estimate":33212.16545454545,"standard_error":16925.971071596334}}