{"mean":{"confidence_interval":{"confidence_level":0.95,"lower_bound":-0.33604455012126505,"upper_bound":-0.3239013624629122},"point_estimate":-0.33089913090780143,"standard_error":0.0030990437508424005},"median":{"confidence_interval":{"confidence_level":0.95,"lower_bound":-0.3404512100976217,"upper_bound":-0.3332598056557249},"point_estimate":-0.33668888133490593,"standard_error":0.0018797835400233035}}