{"mean":{"confidence_interval":{"confidence_level":0.95,"lower_bound":-0.2220079689469982,"upper_bound":-0.008308869849464322},"point_estimate":-0.10656631956392515,"standard_error":0.05790554518897141},"median":{"confidence_interval":{"confidence_level":0.95,"lower_bound":-0.14073673140542364,"upper_bound":0.006776140009923548},"point_estimate":-0.027637113685557102,"standard_error":0.02930988433409582}}