{"mean":{"confidence_interval":{"confidence_level":0.95,"lower_bound":375313236.88875,"upper_bound":379600311.8},"point_estimate":377235093.8,"standard_error":1106044.4682755643},"median":{"confidence_interval":{"confidence_level":0.95,"lower_bound":374610375.0,"upper_bound":378970760.5},"point_estimate":375709146.0,"standard_error":1132530.815832135},"median_abs_dev":{"confidence_interval":{"confidence_level":0.95,"lower_bound":245988.169182837,"upper_bound":5191292.673236132},"point_estimate":1658041.2176638842,"standard_error":1305789.7184712032},"slope":null,"std_dev":{"confidence_interval":{"confidence_level":0.95,"lower_bound":854761.1121364407,"upper_bound":4911027.8133164365},"point_estimate":3697922.6956284465,"standard_error":997394.9877590754}}