{"mean":{"confidence_interval":{"confidence_level":0.95,"lower_bound":-0.3302505170025538,"upper_bound":-0.19062092495172678},"point_estimate":-0.25961455706544945,"standard_error":0.03583649492443171},"median":{"confidence_interval":{"confidence_level":0.95,"lower_bound":-0.1393663609354231,"upper_bound":-0.08361185262374582},"point_estimate":-0.11089953740962588,"standard_error":0.016433717337381543}}