{"mean":{"confidence_interval":{"confidence_level":0.95,"lower_bound":937227168.3050001,"upper_bound":958317729.1},"point_estimate":947883075.0,"standard_error":5387865.9785019355},"median":{"confidence_interval":{"confidence_level":0.95,"lower_bound":930711125.0,"upper_bound":963004416.0},"point_estimate":951005125.0,"standard_error":9239794.273135198},"median_abs_dev":{"confidence_interval":{"confidence_level":0.95,"lower_bound":4831206.945928931,"upper_bound":29588062.34970689},"point_estimate":22149549.159666896,"standard_error":6537612.805284261},"slope":null,"std_dev":{"confidence_interval":{"confidence_level":0.95,"lower_bound":11291633.46286842,"upper_bound":21653237.846298017},"point_estimate":17963820.998099554,"standard_error":2650569.241222317}}