{"mean":{"confidence_interval":{"confidence_level":0.95,"lower_bound":-0.004330852251666836,"upper_bound":0.01328698917486445},"point_estimate":0.003422794931678519,"standard_error":0.004497969734308},"median":{"confidence_interval":{"confidence_level":0.95,"lower_bound":-0.006138058449941863,"upper_bound":0.011619230613706621},"point_estimate":0.004861612926082337,"standard_error":0.004712420094133595}}