{"mean":{"confidence_interval":{"confidence_level":0.95,"lower_bound":-0.4996952080924265,"upper_bound":-0.44428398287856885},"point_estimate":-0.47318190291323514,"standard_error":0.014025701921210774},"median":{"confidence_interval":{"confidence_level":0.95,"lower_bound":-0.5186042063204739,"upper_bound":-0.42536134596779085},"point_estimate":-0.4847248537483029,"standard_error":0.024681754818448216}}