{"mean":{"confidence_interval":{"confidence_level":0.95,"lower_bound":-0.48087034224371317,"upper_bound":-0.4368446536329838},"point_estimate":-0.45844711854320674,"standard_error":0.011327251830140746},"median":{"confidence_interval":{"confidence_level":0.95,"lower_bound":-0.48820912182786635,"upper_bound":-0.42426208505657836},"point_estimate":-0.45438103567158905,"standard_error":0.01608502085640694}}