{"mean":{"confidence_interval":{"confidence_level":0.95,"lower_bound":1139079724.495,"upper_bound":1173548814.2475},"point_estimate":1153121112.4,"standard_error":9429841.208363784},"median":{"confidence_interval":{"confidence_level":0.95,"lower_bound":1138026542.0,"upper_bound":1159639541.0},"point_estimate":1141220770.5,"standard_error":4720729.807216584},"median_abs_dev":{"confidence_interval":{"confidence_level":0.95,"lower_bound":936261.8833780289,"upper_bound":27100075.010177493},"point_estimate":4361098.957175016,"standard_error":6122950.62440228},"slope":null,"std_dev":{"confidence_interval":{"confidence_level":0.95,"lower_bound":2597400.183241314,"upper_bound":46585649.196534775},"point_estimate":31551830.352717347,"standard_error":13063866.130023664}}