{"mean":{"confidence_interval":{"confidence_level":0.95,"lower_bound":752847454.2,"upper_bound":759973900.1},"point_estimate":755840379.3,"standard_error":1874918.0518024466},"median":{"confidence_interval":{"confidence_level":0.95,"lower_bound":751895084.0,"upper_bound":757113854.5},"point_estimate":754275750.0,"standard_error":1565643.8866121469},"median_abs_dev":{"confidence_interval":{"confidence_level":0.95,"lower_bound":975395.8509832621,"upper_bound":6743915.84367156},"point_estimate":3809880.1477611065,"standard_error":1407614.062427068},"slope":null,"std_dev":{"confidence_interval":{"confidence_level":0.95,"lower_bound":1955429.8474349182,"upper_bound":9272264.20556334},"point_estimate":6271002.046214979,"standard_error":2337902.958065534}}