{"mean":{"confidence_interval":{"confidence_level":0.95,"lower_bound":2877547200.0,"upper_bound":2988907620.9},"point_estimate":2934053595.7,"standard_error":28594837.525626797},"median":{"confidence_interval":{"confidence_level":0.95,"lower_bound":2850411708.0,"upper_bound":3021052667.0},"point_estimate":2930362541.5,"standard_error":54644266.323998205},"median_abs_dev":{"confidence_interval":{"confidence_level":0.95,"lower_bound":7055261.096844077,"upper_bound":149666799.41788316},"point_estimate":130962225.48745573,"standard_error":37265264.918173976},"slope":null,"std_dev":{"confidence_interval":{"confidence_level":0.95,"lower_bound":62850804.91259594,"upper_bound":111468358.37531236},"point_estimate":95372080.390301,"standard_error":12459797.777050778}}