{"mean":{"confidence_interval":{"confidence_level":0.95,"lower_bound":727830776.3075,"upper_bound":750703712.4},"point_estimate":739072116.8,"standard_error":5843149.681355769},"median":{"confidence_interval":{"confidence_level":0.95,"lower_bound":725133979.5,"upper_bound":758400688.0},"point_estimate":732087270.5,"standard_error":8963015.595066434},"median_abs_dev":{"confidence_interval":{"confidence_level":0.95,"lower_bound":2662100.1739382744,"upper_bound":31938507.407078147},"point_estimate":21976672.072336078,"standard_error":8420452.851834014},"slope":null,"std_dev":{"confidence_interval":{"confidence_level":0.95,"lower_bound":11132693.043816477,"upper_bound":23821854.904180437},"point_estimate":19448018.92676163,"standard_error":3172291.001951036}}