{"mean":{"confidence_interval":{"confidence_level":0.95,"lower_bound":0.06511801585249313,"upper_bound":0.2121541537850391},"point_estimate":0.13997963970412242,"standard_error":0.03722937795644363},"median":{"confidence_interval":{"confidence_level":0.95,"lower_bound":0.01305104606539631,"upper_bound":0.24905854811300787},"point_estimate":0.16356403652837503,"standard_error":0.07110423627502493}}