{"mean":{"confidence_interval":{"confidence_level":0.95,"lower_bound":-0.006886494302789678,"upper_bound":0.06554561130475611},"point_estimate":0.027641587116053357,"standard_error":0.018520701074388173},"median":{"confidence_interval":{"confidence_level":0.95,"lower_bound":0.003230332925138857,"upper_bound":0.014273709626935638},"point_estimate":0.009115144488918592,"standard_error":0.0025975185432301298}}