{"mean":{"confidence_interval":{"confidence_level":0.95,"lower_bound":8548383.45425,"upper_bound":9102952.594166668},"point_estimate":8777660.421666669,"standard_error":144920.94417753004},"median":{"confidence_interval":{"confidence_level":0.95,"lower_bound":8445138.833333334,"upper_bound":8522138.833333332},"point_estimate":8474513.916666668,"standard_error":18615.8060314945},"median_abs_dev":{"confidence_interval":{"confidence_level":0.95,"lower_bound":89506.65149469062,"upper_bound":168692.07825511694},"point_estimate":131467.4523159857,"standard_error":21919.122374115872},"slope":null,"std_dev":{"confidence_interval":{"confidence_level":0.95,"lower_bound":249730.692747626,"upper_bound":2312350.6841058363},"point_estimate":1462276.8717327237,"standard_error":555427.4724805411}}