{"mean":{"confidence_interval":{"confidence_level":0.95,"lower_bound":377398683.50875,"upper_bound":388346410.45},"point_estimate":382227593.75,"standard_error":2788214.9909758046},"median":{"confidence_interval":{"confidence_level":0.95,"lower_bound":376218520.5,"upper_bound":389373166.75},"point_estimate":378661677.0,"standard_error":2866571.6340114954},"median_abs_dev":{"confidence_interval":{"confidence_level":0.95,"lower_bound":749670.7462906837,"upper_bound":12798142.858837545},"point_estimate":3888921.6295078397,"standard_error":2580789.669150471},"slope":null,"std_dev":{"confidence_interval":{"confidence_level":0.95,"lower_bound":1951162.4465419175,"upper_bound":11623231.658520656},"point_estimate":9271172.250174023,"standard_error":2568797.22257482}}