{"mean":{"confidence_interval":{"confidence_level":0.95,"lower_bound":8436086.822083335,"upper_bound":8701334.237708334},"point_estimate":8541558.196666667,"standard_error":70279.88898352864},"median":{"confidence_interval":{"confidence_level":0.95,"lower_bound":8386625.0,"upper_bound":8438333.333333334},"point_estimate":8397965.25,"standard_error":12880.200741749797},"median_abs_dev":{"confidence_interval":{"confidence_level":0.95,"lower_bound":67349.29990555966,"upper_bound":133526.91649567336},"point_estimate":88816.88112318492,"standard_error":18682.237410627054},"slope":null,"std_dev":{"confidence_interval":{"confidence_level":0.95,"lower_bound":124501.43718663901,"upper_bound":1151980.7791145768},"point_estimate":706508.4952238563,"standard_error":297440.5835810954}}