{"mean":{"confidence_interval":{"confidence_level":0.95,"lower_bound":938736805.175,"upper_bound":956927824.1374999},"point_estimate":948111583.4,"standard_error":4665926.86823072},"median":{"confidence_interval":{"confidence_level":0.95,"lower_bound":937193167.0,"upper_bound":960748146.0},"point_estimate":951407291.5,"standard_error":5482402.254030867},"median_abs_dev":{"confidence_interval":{"confidence_level":0.95,"lower_bound":1729021.4327037334,"upper_bound":26943258.928361535},"point_estimate":15336908.876815438,"standard_error":6862212.562469019},"slope":null,"std_dev":{"confidence_interval":{"confidence_level":0.95,"lower_bound":8065780.481757592,"upper_bound":19935394.269102033},"point_estimate":15554166.930975487,"standard_error":3059391.0993461716}}