{"mean":{"confidence_interval":{"confidence_level":0.95,"lower_bound":-0.03645734450985542,"upper_bound":-0.0022805819828357185},"point_estimate":-0.018571499066378117,"standard_error":0.008773232780556387},"median":{"confidence_interval":{"confidence_level":0.95,"lower_bound":-0.05092718035526611,"upper_bound":0.0056186774149369345},"point_estimate":-0.0062776885879476385,"standard_error":0.012796412797334848}}