{"mean":{"confidence_interval":{"confidence_level":0.95,"lower_bound":-0.0004324600585948647,"upper_bound":0.029367714194697258},"point_estimate":0.010800030561425533,"standard_error":0.008232013662382754},"median":{"confidence_interval":{"confidence_level":0.95,"lower_bound":-0.0021847100668107577,"upper_bound":0.013877358253824967},"point_estimate":-0.00019865175609956598,"standard_error":0.0039512342447529485}}