{"mean":{"confidence_interval":{"confidence_level":0.95,"lower_bound":21.412609989921492,"upper_bound":21.588642820426262},"point_estimate":21.5038800415476,"standard_error":0.04611812585919806},"median":{"confidence_interval":{"confidence_level":0.95,"lower_bound":21.384785647768144,"upper_bound":21.6847421754773},"point_estimate":21.46816253795896,"standard_error":0.08392919223803444}}