{"mean":{"confidence_interval":{"confidence_level":0.95,"lower_bound":373453164.6,"upper_bound":379483052.15},"point_estimate":376211445.85,"standard_error":1554166.3686106706},"median":{"confidence_interval":{"confidence_level":0.95,"lower_bound":372218844.0,"upper_bound":378428395.75},"point_estimate":375821760.25,"standard_error":1665100.9403494457},"median_abs_dev":{"confidence_interval":{"confidence_level":0.95,"lower_bound":1109772.4115476012,"upper_bound":7600409.40066576},"point_estimate":4228282.091782987,"standard_error":1642608.5094098088},"slope":null,"std_dev":{"confidence_interval":{"confidence_level":0.95,"lower_bound":2267197.0542757907,"upper_bound":7165403.361010352},"point_estimate":5200689.72679484,"standard_error":1410012.6138607142}}