{"mean":{"confidence_interval":{"confidence_level":0.95,"lower_bound":-0.8835775301243168,"upper_bound":-0.8602903939332807},"point_estimate":-0.8746592158808363,"standard_error":0.006251359792346962},"median":{"confidence_interval":{"confidence_level":0.95,"lower_bound":-0.8849322759890124,"upper_bound":-0.872858879812611},"point_estimate":-0.8807670325795012,"standard_error":0.002885022324066001}}