{"mean":{"confidence_interval":{"confidence_level":0.95,"lower_bound":753196545.7,"upper_bound":777553083.3},"point_estimate":764990970.8,"standard_error":6064255.042320785},"median":{"confidence_interval":{"confidence_level":0.95,"lower_bound":752058812.5,"upper_bound":789277292.0},"point_estimate":753813833.5,"standard_error":9115274.470788669},"median_abs_dev":{"confidence_interval":{"confidence_level":0.95,"lower_bound":536547.0000743866,"upper_bound":28246464.305225015},"point_estimate":2728663.723656535,"standard_error":8073587.307773408},"slope":null,"std_dev":{"confidence_interval":{"confidence_level":0.95,"lower_bound":1910492.4317085517,"upper_bound":24144766.444649443},"point_estimate":20214944.5645709,"standard_error":4374044.345836964}}