{"mean":{"confidence_interval":{"confidence_level":0.95,"lower_bound":765044204.5,"upper_bound":784434254.0},"point_estimate":773774891.7,"standard_error":4980366.100860185},"median":{"confidence_interval":{"confidence_level":0.95,"lower_bound":761715792.0,"upper_bound":784441583.0},"point_estimate":766070958.5,"standard_error":6445002.329851005},"median_abs_dev":{"confidence_interval":{"confidence_level":0.95,"lower_bound":1486029.2274177074,"upper_bound":27236287.40015924},"point_estimate":8251286.356410384,"standard_error":6826319.294282819},"slope":null,"std_dev":{"confidence_interval":{"confidence_level":0.95,"lower_bound":6225117.431359982,"upper_bound":22275084.34574421},"point_estimate":16507230.107669063,"standard_error":4305269.68391233}}