{"mean":{"confidence_interval":{"confidence_level":0.95,"lower_bound":-0.006958894623384867,"upper_bound":0.001490243505870097},"point_estimate":-0.002314233529283727,"standard_error":0.002164124434159958},"median":{"confidence_interval":{"confidence_level":0.95,"lower_bound":-0.0008147410203381833,"upper_bound":0.0037309648998113953},"point_estimate":0.0015050206757731832,"standard_error":0.0012254907689483588}}