{"mean":{"confidence_interval":{"confidence_level":0.95,"lower_bound":373690416.55,"upper_bound":376423304.09375},"point_estimate":374928143.7,"standard_error":706373.2894260943},"median":{"confidence_interval":{"confidence_level":0.95,"lower_bound":373588833.0,"upper_bound":376224937.5},"point_estimate":374003500.0,"standard_error":707341.3501866255},"median_abs_dev":{"confidence_interval":{"confidence_level":0.95,"lower_bound":117125.39792060852,"upper_bound":3495846.9408363104},"point_estimate":813299.1187110543,"standard_error":947074.0026818089},"slope":null,"std_dev":{"confidence_interval":{"confidence_level":0.95,"lower_bound":703871.2033157137,"upper_bound":3133420.633107672},"point_estimate":2356199.2840384706,"standard_error":620238.968076963}}