{"mean":{"confidence_interval":{"confidence_level":0.95,"lower_bound":-0.28569147242628384,"upper_bound":-0.27667828501886865},"point_estimate":-0.281470927773419,"standard_error":0.0023188162764325735},"median":{"confidence_interval":{"confidence_level":0.95,"lower_bound":-0.2890827605789196,"upper_bound":-0.2833062542008824},"point_estimate":-0.2858853911118707,"standard_error":0.0014232541395417602}}