{"mean":{"confidence_interval":{"confidence_level":0.95,"lower_bound":2029881.5544300005,"upper_bound":2052771.1748399998},"point_estimate":2040740.5,"standard_error":5836.134251301665},"median":{"confidence_interval":{"confidence_level":0.95,"lower_bound":2019435.0,"upper_bound":2043640.84},"point_estimate":2028912.5,"standard_error":7689.943100216432},"median_abs_dev":{"confidence_interval":{"confidence_level":0.95,"lower_bound":34584.13515400877,"upper_bound":55041.553674817114},"point_estimate":44232.154482722355,"standard_error":5221.791028314977},"slope":null,"std_dev":{"confidence_interval":{"confidence_level":0.95,"lower_bound":41379.261969208535,"upper_bound":74159.56423583998},"point_estimate":58595.92769665162,"standard_error":8421.022718442802}}