{"mean":{"confidence_interval":{"confidence_level":0.95,"lower_bound":2178895.822326086,"upper_bound":2195318.909467392},"point_estimate":2186910.107826086,"standard_error":4184.171724220138},"median":{"confidence_interval":{"confidence_level":0.95,"lower_bound":2167961.9565217393,"upper_bound":2184248.1739130435},"point_estimate":2174711.0434782607,"standard_error":4404.240821299563},"median_abs_dev":{"confidence_interval":{"confidence_level":0.95,"lower_bound":24701.952696234985,"upper_bound":47648.66817580615},"point_estimate":35924.87996220589,"standard_error":5836.906950452604},"slope":null,"std_dev":{"confidence_interval":{"confidence_level":0.95,"lower_bound":34609.632988749254,"upper_bound":49368.402496941875},"point_estimate":42021.64132058203,"standard_error":3796.0461398721563}}