{"mean":{"confidence_interval":{"confidence_level":0.95,"lower_bound":-0.016891746101826245,"upper_bound":0.06316932786095535},"point_estimate":0.023205310559986758,"standard_error":0.020423031967229322},"median":{"confidence_interval":{"confidence_level":0.95,"lower_bound":-0.0017390104539590778,"upper_bound":0.06688188524999816},"point_estimate":0.005342742792136201,"standard_error":0.016723544551383668}}