{"mean":{"confidence_interval":{"confidence_level":0.95,"lower_bound":2113523.5803541653,"upper_bound":2119466.007166666},"point_estimate":2116449.5683333334,"standard_error":1509.9845519546325},"median":{"confidence_interval":{"confidence_level":0.95,"lower_bound":2111979.1666666665,"upper_bound":2117451.375},"point_estimate":2114805.5625,"standard_error":1488.5132204015847},"median_abs_dev":{"confidence_interval":{"confidence_level":0.95,"lower_bound":8890.503404662359,"upper_bound":16071.754364668632},"point_estimate":11826.020465045936,"standard_error":1858.5280149859027},"slope":null,"std_dev":{"confidence_interval":{"confidence_level":0.95,"lower_bound":12356.233599087793,"upper_bound":17744.9202542505},"point_estimate":15143.0359371952,"standard_error":1382.7343313494323}}