{"mean":{"confidence_interval":{"confidence_level":0.95,"lower_bound":-0.008792329032948878,"upper_bound":0.024394045221926553},"point_estimate":0.006299360637411322,"standard_error":0.008463460900118363},"median":{"confidence_interval":{"confidence_level":0.95,"lower_bound":-0.006089695121290317,"upper_bound":0.005165878561763204},"point_estimate":-0.00006407245342876511,"standard_error":0.003969661215848158}}