{"mean":{"confidence_interval":{"confidence_level":0.95,"lower_bound":1527739332.015,"upper_bound":1646700893.195},"point_estimate":1588945179.1,"standard_error":30484651.810867645},"median":{"confidence_interval":{"confidence_level":0.95,"lower_bound":1512528646.0,"upper_bound":1670529291.0},"point_estimate":1598861375.0,"standard_error":38497795.776760474},"median_abs_dev":{"confidence_interval":{"confidence_level":0.95,"lower_bound":18352672.154974937,"upper_bound":177949092.2340721},"point_estimate":112501198.99600446,"standard_error":41016312.780398674},"slope":null,"std_dev":{"confidence_interval":{"confidence_level":0.95,"lower_bound":53095836.00259546,"upper_bound":125609361.41565353},"point_estimate":101374827.90792093,"standard_error":18138728.298829515}}