{"mean":{"confidence_interval":{"confidence_level":0.95,"lower_bound":-0.005585195006705066,"upper_bound":0.0018775478226583482},"point_estimate":-0.001675114415313872,"standard_error":0.0019079920790749671},"median":{"confidence_interval":{"confidence_level":0.95,"lower_bound":-0.00662337991953299,"upper_bound":0.0037744857404189425},"point_estimate":0.00006416474353243551,"standard_error":0.002732505736198223}}