{"mean":{"confidence_interval":{"confidence_level":0.95,"lower_bound":-0.07817843280517282,"upper_bound":0.019967348980469132},"point_estimate":-0.027395945330088933,"standard_error":0.02510070671302169},"median":{"confidence_interval":{"confidence_level":0.95,"lower_bound":-0.045997776533755474,"upper_bound":0.0024007829497478816},"point_estimate":-0.0198581861546111,"standard_error":0.012637824232785798}}