{"mean":{"confidence_interval":{"confidence_level":0.95,"lower_bound":6435672.61875,"upper_bound":6549093.03375},"point_estimate":6489627.9225,"standard_error":28929.30837645966},"median":{"confidence_interval":{"confidence_level":0.95,"lower_bound":6395526.0625,"upper_bound":6478161.5},"point_estimate":6430661.4375,"standard_error":17343.573740606204},"median_abs_dev":{"confidence_interval":{"confidence_level":0.95,"lower_bound":161780.83654906604,"upper_bound":257396.96130529046},"point_estimate":202023.6128758639,"standard_error":22523.354879026465},"slope":null,"std_dev":{"confidence_interval":{"confidence_level":0.95,"lower_bound":215669.83475938387,"upper_bound":362644.61682324205},"point_estimate":291678.0802053035,"standard_error":37838.98609299259}}