{"mean":{"confidence_interval":{"confidence_level":0.95,"lower_bound":-0.004340982314754401,"upper_bound":0.048527879665277315},"point_estimate":0.018297114368376777,"standard_error":0.013966837936159819},"median":{"confidence_interval":{"confidence_level":0.95,"lower_bound":-0.001724058530141126,"upper_bound":0.019394896966284048},"point_estimate":0.006164501032680514,"standard_error":0.0063199543619431265}}