{"mean":{"confidence_interval":{"confidence_level":0.95,"lower_bound":751851170.63,"upper_bound":755717051.3375},"point_estimate":753728683.1,"standard_error":987273.4421925729},"median":{"confidence_interval":{"confidence_level":0.95,"lower_bound":750804895.5,"upper_bound":755851374.5},"point_estimate":753639771.0,"standard_error":1367576.191841224},"median_abs_dev":{"confidence_interval":{"confidence_level":0.95,"lower_bound":584761.8925184011,"upper_bound":5734944.292384386},"point_estimate":2909509.044545889,"standard_error":1270189.6949294035},"slope":null,"std_dev":{"confidence_interval":{"confidence_level":0.95,"lower_bound":1830791.4999033648,"upper_bound":4223577.346660977},"point_estimate":3295198.4228888904,"standard_error":624782.1795922037}}