{"mean":{"confidence_interval":{"confidence_level":0.95,"lower_bound":-0.0824094505543742,"upper_bound":0.03914686199406728},"point_estimate":-0.02607326221443751,"standard_error":0.0315507380568295},"median":{"confidence_interval":{"confidence_level":0.95,"lower_bound":-0.0954975666290907,"upper_bound":0.03694044463120405},"point_estimate":-0.06009980840413243,"standard_error":0.030126445700465795}}