{"mean":{"confidence_interval":{"confidence_level":0.95,"lower_bound":4140829588.9474998,"upper_bound":4153940977.88},"point_estimate":4147228666.28,"standard_error":3355290.266314593},"median":{"confidence_interval":{"confidence_level":0.95,"lower_bound":4128321792.0,"upper_bound":4142601041.0},"point_estimate":4133024666.5,"standard_error":3402173.395850298},"median_abs_dev":{"confidence_interval":{"confidence_level":0.95,"lower_bound":16218810.490858555,"upper_bound":35830055.091789365},"point_estimate":26718613.156449795,"standard_error":5089200.93740944},"slope":null,"std_dev":{"confidence_interval":{"confidence_level":0.95,"lower_bound":28560242.51043475,"upper_bound":37987336.73269367},"point_estimate":33678482.131275825,"standard_error":2406347.347455828}}