{"mean":{"confidence_interval":{"confidence_level":0.95,"lower_bound":0.029790781537113783,"upper_bound":0.13134532526041334},"point_estimate":0.07450037387798591,"standard_error":0.02658074062377039},"median":{"confidence_interval":{"confidence_level":0.95,"lower_bound":-0.021178359803957294,"upper_bound":-0.006425252853377805},"point_estimate":-0.01612859566165814,"standard_error":0.003530396169539491}}