{"mean":{"confidence_interval":{"confidence_level":0.95,"lower_bound":0.003695418673179674,"upper_bound":0.01355517274475238},"point_estimate":0.007971817767377987,"standard_error":0.0026197989894075984},"median":{"confidence_interval":{"confidence_level":0.95,"lower_bound":0.0016728514182884346,"upper_bound":0.0062811231267225764},"point_estimate":0.003884546352152851,"standard_error":0.0012375993122878237}}