{"mean":{"confidence_interval":{"confidence_level":0.95,"lower_bound":-0.02589407699370849,"upper_bound":0.023842904791187967},"point_estimate":0.0026994472156236515,"standard_error":0.012980209501438283},"median":{"confidence_interval":{"confidence_level":0.95,"lower_bound":-0.0015837904421729387,"upper_bound":0.031030573736361644},"point_estimate":0.010187201471806961,"standard_error":0.008543946972368911}}