{"mean":{"confidence_interval":{"confidence_level":0.95,"lower_bound":64604163.63075,"upper_bound":64928124.18},"point_estimate":64758686.26,"standard_error":82779.47029352568},"median":{"confidence_interval":{"confidence_level":0.95,"lower_bound":64256750.0,"upper_bound":64688083.0},"point_estimate":64527895.5,"standard_error":107427.88988448684},"median_abs_dev":{"confidence_interval":{"confidence_level":0.95,"lower_bound":331762.8787100315,"upper_bound":769530.1729381084},"point_estimate":571603.0764520168,"standard_error":108171.66994616618},"slope":null,"std_dev":{"confidence_interval":{"confidence_level":0.95,"lower_bound":650856.8972541542,"upper_bound":980813.5425799652},"point_estimate":827787.9267105495,"standard_error":84283.10403390047}}