{"mean":{"confidence_interval":{"confidence_level":0.95,"lower_bound":14904506174.8,"upper_bound":15026471320.5325},"point_estimate":14966123479.0,"standard_error":31179139.795957845},"median":{"confidence_interval":{"confidence_level":0.95,"lower_bound":14880928916.0,"upper_bound":15060190583.0},"point_estimate":14957724729.0,"standard_error":67332889.94648814},"median_abs_dev":{"confidence_interval":{"confidence_level":0.95,"lower_bound":8059536.512714624,"upper_bound":153539289.02123272},"point_estimate":131836310.83443761,"standard_error":43765075.894817844},"slope":null,"std_dev":{"confidence_interval":{"confidence_level":0.95,"lower_bound":72306948.06296597,"upper_bound":120571502.4479151},"point_estimate":104644753.4631955,"standard_error":12515198.908705441}}