{"mean":{"confidence_interval":{"confidence_level":0.95,"lower_bound":14650750289.255,"upper_bound":14767796661.6025},"point_estimate":14703252108.3,"standard_error":30045670.02403871},"median":{"confidence_interval":{"confidence_level":0.95,"lower_bound":14634449646.0,"upper_bound":14781818500.0},"point_estimate":14661387187.5,"standard_error":31057995.265761368},"median_abs_dev":{"confidence_interval":{"confidence_level":0.95,"lower_bound":10274634.277188778,"upper_bound":116469039.05146122},"point_estimate":53054284.08309817,"standard_error":31727912.18703605},"slope":null,"std_dev":{"confidence_interval":{"confidence_level":0.95,"lower_bound":25155373.4276038,"upper_bound":128590674.76278265},"point_estimate":100315158.84955046,"standard_error":27435369.993670844}}