{"mean":{"confidence_interval":{"confidence_level":0.95,"lower_bound":99913476.23616964,"upper_bound":100270847.00678572},"point_estimate":100086359.75123015,"standard_error":91244.42674024265},"median":{"confidence_interval":{"confidence_level":0.95,"lower_bound":99784646.0,"upper_bound":100332620.44444445},"point_estimate":100111703.57142857,"standard_error":129402.17063560625},"median_abs_dev":{"confidence_interval":{"confidence_level":0.95,"lower_bound":28620.332281885323,"upper_bound":534929.0201906115},"point_estimate":350967.9610357486,"standard_error":120942.40201893421},"slope":{"confidence_interval":{"confidence_level":0.95,"lower_bound":99988119.15172246,"upper_bound":100246768.51731601},"point_estimate":100132585.28311688,"standard_error":65757.27485559777},"std_dev":{"confidence_interval":{"confidence_level":0.95,"lower_bound":174792.38997405418,"upper_bound":384057.9992561116},"point_estimate":303819.64719378855,"standard_error":54965.149389493876}}