{"mean":{"confidence_interval":{"confidence_level":0.95,"lower_bound":2292108.900336956,"upper_bound":2528212.0050434773},"point_estimate":2395438.985217392,"standard_error":60683.267222597606},"median":{"confidence_interval":{"confidence_level":0.95,"lower_bound":2177105.0869565215,"upper_bound":2210849.6086956523},"point_estimate":2188711.0434782607,"standard_error":7863.0857001637805},"median_abs_dev":{"confidence_interval":{"confidence_level":0.95,"lower_bound":37247.68144306908,"upper_bound":80013.40821708662},"point_estimate":54896.48706887076,"standard_error":10768.03816504856},"slope":null,"std_dev":{"confidence_interval":{"confidence_level":0.95,"lower_bound":307061.332736469,"upper_bound":908567.7059934451},"point_estimate":608628.5500603283,"standard_error":175012.64232043282}}