{"mean":{"confidence_interval":{"confidence_level":0.95,"lower_bound":-0.05070178095159705,"upper_bound":-0.017075970318925545},"point_estimate":-0.03211274253278251,"standard_error":0.008636529878951603},"median":{"confidence_interval":{"confidence_level":0.95,"lower_bound":-0.015092084511803106,"upper_bound":-0.00621610117112914},"point_estimate":-0.010675648113687153,"standard_error":0.002262273840782057}}