{"mean":{"confidence_interval":{"confidence_level":0.95,"lower_bound":-0.5824075998832506,"upper_bound":-0.3649521745120895},"point_estimate":-0.4857732530189569,"standard_error":0.058252634508531694},"median":{"confidence_interval":{"confidence_level":0.95,"lower_bound":-0.601299021024167,"upper_bound":-0.4696730254408553},"point_estimate":-0.5602333877293053,"standard_error":0.03795984138138556}}