{"mean":{"confidence_interval":{"confidence_level":0.95,"lower_bound":-0.007729071266040832,"upper_bound":0.019492697604851894},"point_estimate":0.003823426571775368,"standard_error":0.00677793698312207},"median":{"confidence_interval":{"confidence_level":0.95,"lower_bound":-0.01154816204548137,"upper_bound":0.011409314619035493},"point_estimate":0.005050483726757982,"standard_error":0.006328146490041116}}