{"mean":{"confidence_interval":{"confidence_level":0.95,"lower_bound":0.31683924347478365,"upper_bound":0.3287417513844329},"point_estimate":0.32282275956119544,"standard_error":0.0030343829340916716},"median":{"confidence_interval":{"confidence_level":0.95,"lower_bound":0.32165382636175166,"upper_bound":0.3309654054794302},"point_estimate":0.3265795111670513,"standard_error":0.0025188683800652593}}