{"mean":{"confidence_interval":{"confidence_level":0.95,"lower_bound":-0.05297857244409687,"upper_bound":0.042681244060947594},"point_estimate":0.0034117515820915045,"standard_error":0.02581824015536303},"median":{"confidence_interval":{"confidence_level":0.95,"lower_bound":0.001004860354195669,"upper_bound":0.05243387845793279},"point_estimate":0.028006377748180267,"standard_error":0.014071837171590404}}