{"mean":{"confidence_interval":{"confidence_level":0.95,"lower_bound":-0.008230677364953093,"upper_bound":0.013053053103860571},"point_estimate":0.0017897504092758698,"standard_error":0.005329971508753426},"median":{"confidence_interval":{"confidence_level":0.95,"lower_bound":-0.010978558632178781,"upper_bound":0.0069913465684443565},"point_estimate":-0.0007801620335186055,"standard_error":0.004608121116560603}}